Location,Frequency,Name,Tone Mode,cToneFreq,rToneFreq,DTCS Code,DTCS Pol,Duplex,Offset,Mode,Tune Step,Skip,Comment,URCALL,RPT1CALL,RPT2CALL
0,146.43,KC2RA,TSQL,136.5,136.5,023,NN,+,1.0,FM,5,"","Brooklyn, NY - 1.8mi E of 11232","","",""
1,441.1,N2ROW,TSQL,136.5,136.5,023,NN,+,5.0,FM,5,"","Brooklyn, NY - 2.5mi E of 11232","","",""
2,147.3,KB2NGU,TSQL,146.2,146.2,023,NN,+,0.6,FM,5,"","Brooklyn, NY - 2.7mi E of 11232","","",""
3,145.23,W2CMA,TSQL,114.8,114.8,023,NN,-,0.6,FM,5,"","BrooklynHeights, NY - 2.8mi NNE of 11232","","",""
4,446.825,K2RMX,TSQL,141.3,141.3,023,NN,-,5.0,FM,5,"","Brooklyn,Downtown, NY - 3.1mi ESE of 11232","","",""
5,448.975,KB2PRV,TSQL,136.5,136.5,023,NN,-,5.0,FM,5,"","Brooklyn, NY - 3.1mi ESE of 11232","","",""
6,449.775,K2MAK,TSQL,88.5,88.5,023,NN,-,5.0,FM,5,"","Brooklyn, NY - 3.1mi ESE of 11232","","",""
7,446.675,WA2JNF,TSQL,114.8,114.8,023,NN,-,5.0,FM,5,"","Brooklyn, NY - 3.1mi ESE of 11232","","",""
8,446.175,N2UOL,TSQL,136.5,136.5,023,NN,-,5.0,FM,5,"","Brooklyn, NY - 3.1mi ESE of 11232","","",""
9,29.66,WB2HWW,TSQL,114.8,114.8,023,NN,-,0.1,FM,5,"","Brooklyn, NY - 3.1mi ESE of 11232","","",""
10,224.6,W2SN,TSQL,100.0,100.0,023,NN,-,1.6,FM,5,"","Brooklyn, NY - 3.1mi ESE of 11232","","",""
11,448.375,KB2NGU,TSQL,162.2,162.2,023,NN,-,5.0,FM,5,"","Brooklyn, NY - 3.1mi ESE of 11232","","",""
12,146.73,KC2RC,TSQL,88.5,88.5,023,NN,-,0.6,FM,5,"","Brooklyn,BrooklynBridge, NY - 3.1mi ESE of 11232","","",""
13,224.74,NN2N,TSQL,123.0,123.0,023,NN,-,1.6,FM,5,"","Brooklyn, NY - 3.1mi ESE of 11232","","",""
14,442.05,NY4Z,TSQL,88.5,88.5,023,NN,+,5.0,FM,5,"","Brooklyn, NY - 3.2mi ESE of 11232","","",""
15,147.195,KB2NGU,(None),88.5,88.5,023,NN,+,0.6,FM,5,"","Brooklyn, NY - 3.7mi E of 11232","","",""
16,438.275,WB2ZEX,TSQL,88.5,88.5,023,NN,-,5.0,FM,5,"","Brooklyn, NY - 3.7mi E of 11232","","",""
17,439.5,KB2NGU,(None),88.5,88.5,023,NN,-,5.0,FM,5,"","Brooklyn, NY - 3.7mi E of 11232","","",""
18,445.475,WG2MSK,(None),88.5,88.5,023,NN,-,5.0,FM,5,"","Brooklyn,Downtown, NY - 4.0mi N of 11232","","",""
19,441.55,KC2IES,TSQL,88.5,88.5,023,NN,+,5.0,FM,5,"","Secaucus,ImprevedutoTowers, NJ - 4.4mi NW of 11232","","",""
20,447.175,WB2ZTH,TSQL,141.3,141.3,023,NN,-,5.0,FM,5,"","Manhattan, NY - 5.0mi N of 11232","","",""
21,145.57,WR2MSN,TSQL,192.8,192.8,023,NN,+,1.0,FM,5,"","Manhattan, NY - 5.0mi N of 11232","","",""
22,147.0,WB2ZSE,TSQL,136.5,136.5,023,NN,-,0.6,FM,5,"","Manhattan, NY - 5.0mi N of 11232","","",""
23,442.45,KB2RQE,TSQL,179.9,179.9,023,NN,+,5.0,FM,5,"","Manhattan, NY - 5.0mi N of 11232","","",""
24,446.275,NY4Z,TSQL,141.3,141.3,023,NN,-,5.0,FM,5,"","Manhattan, NY - 5.0mi N of 11232","","",""
25,445.275,K2DIG,(None),88.5,88.5,023,NN,-,5.0,FM,5,"","Manhattan, NY - 5.0mi N of 11232","","",""
26,147.195,N2BEI,(None),88.5,88.5,023,NN,+,0.6,FM,5,"","Mahattan,LincolnCenter, NY - 5.0mi N of 11232","","",""
27,147.24,K2NYR,TSQL,94.8,94.8,023,NN,+,0.6,FM,5,"","Manhattan, NY - 5.0mi N of 11232","","",""
28,223.9,KB2TM,TSQL,141.3,141.3,023,NN,-,1.6,FM,5,"","Manhattan, NY - 5.0mi N of 11232","","",""
29,441.45,NE2E,TSQL,123.0,123.0,023,NN,+,5.0,FM,5,"","Manhattan, NY - 5.0mi N of 11232","","",""
30,445.225,K2NYR,TSQL,74.4,74.4,023,NN,-,5.0,FM,5,"","Manhattan, NY - 5.0mi N of 11232","","",""
31,145.29,K2HR,TSQL,94.8,94.8,023,NN,-,0.6,FM,5,"","Manhattan, NY - 5.0mi N of 11232","","",""
32,447.2,KE2EJ,TSQL,100.0,100.0,023,NN,-,5.0,FM,5,"","Manhattan, NY - 5.0mi N of 11232","","",""
33,448.275,K2MAK,TSQL,88.5,88.5,023,NN,-,5.0,FM,5,"","Manhattan, NY - 5.0mi N of 11232","","",""
34,445.075,WA2CBS,TSQL,114.8,114.8,023,NN,-,5.0,FM,5,"","Manhattan, NY - 5.0mi N of 11232","","",""
35,448.43,KC2IMB,TSQL,107.2,107.2,023,NN,-,5.0,FM,5,"","Manhattan, NY - 5.0mi N of 11232","","",""
36,446.925,KF2GV,TSQL,88.5,88.5,023,NN,-,5.0,FM,5,"","Manhattan, NY - 5.0mi N of 11232","","",""
37,446.9,N2BEI,TSQL,136.5,136.5,023,NN,-,5.0,FM,5,"","Manhattan, NY - 5.0mi N of 11232","","",""
38,449.025,N2JDW,TSQL,123.0,123.0,023,NN,-,5.0,FM,5,"","Manhattan, NY - 5.0mi N of 11232","","",""
39,224.66,WA2HDE,TSQL,127.3,127.3,023,NN,-,1.6,FM,5,"","Manhattan, NY - 5.0mi N of 11232","","",""
40,449.225,KQ2H,TSQL,82.5,82.5,023,NN,-,5.0,FM,5,"","Manhattan,EmpireStateBuilding, NY - 5.0mi N of 11232","","",""
41,449.325,N2BEI,TSQL,136.5,136.5,023,NN,-,5.0,FM,5,"","Manhattan,LincolnCenter-UpperWestSide, NY - 5.0mi N of 11232","","",""
42,449.8,WB2ZSE,TSQL,114.8,114.8,023,NN,-,5.0,FM,5,"","Manhattan, NY - 5.0mi N of 11232","","",""
43,440.6,NY4Z,TSQL,141.3,141.3,023,NN,+,5.0,FM,5,"","Manhattan, NY - 5.0mi N of 11232","","",""
44,440.35,WA2WCB,TSQL,127.3,127.3,023,NN,+,5.0,FM,5,"","Manhattan, NY - 5.0mi N of 11232","","",""
45,29.62,KQ2H,TSQL,146.2,146.2,023,NN,-,0.1,FM,5,"","Manhattan, NY - 5.0mi N of 11232","","",""
46,438.5625,K2JRC,TSQL,88.5,88.5,023,NN,-,5.0,FM,5,"","Manhattan, NY - 5.0mi N of 11232","","",""
47,440.425,WR2MSN,TSQL,156.7,156.7,023,NN,+,5.0,FM,5,"","Manhattan, NY - 5.0mi N of 11232","","",""
48,446.8125,KC2LAI,TSQL,71.9,71.9,023,NN,-,5.0,FM,5,"","Queens, NY - 5.0mi N of 11232","","",""
49,449.625,WB2SEB,TSQL,179.9,179.9,023,NN,-,5.0,FM,5,"","Manhattan,SheratonHotel, NY - 5.2mi NNE of 11232","","",""
50,146.88,WA2IAF,TSQL,141.3,141.3,023,NN,-,0.6,FM,5,"","StatenIsland, NY - 5.6mi W of 11232","","",""
51,446.625,KD2NWQ,(None),88.5,88.5,023,NN,-,5.0,FM,5,"","Bayonne, NJ - 5.6mi W of 11232","","",""
52,446.575,W2ODV,TSQL,100.0,100.0,023,NN,-,5.0,FM,5,"","Bayonne, NJ - 5.7mi W of 11232","","",""
53,145.43,W2ODV,TSQL,123.0,123.0,023,NN,-,0.6,FM,5,"","Bayonne, NJ - 5.7mi W of 11232","","",""
54,448.425,N2MCC,TSQL,141.3,141.3,023,NN,-,5.0,FM,5,"","StatenIsland,SouthShore, NY - 5.9mi WSW of 11232","","",""
55,147.27,W2ABC,TSQL,141.3,141.3,023,NN,+,0.6,FM,5,"","Manhattan, NY - 5.9mi N of 11232","","",""
56,145.31,KB2RQE,TSQL,100.0,100.0,023,NN,-,0.6,FM,5,"","Brooklyn, NY - 6.2mi NW of 11232","","",""
57,446.525,K2XDX,TSQL,88.5,88.5,023,NN,-,5.0,FM,5,"","Hoboken, NJ - 6.2mi NNW of 11232","","",""
58,440.625,NY4Z,TSQL,74.4,74.4,023,NN,+,5.0,FM,5,"","JerseyCity, NJ - 6.2mi NW of 11232","","",""
59,223.88,K2XDX,TSQL,151.4,151.4,023,NN,-,1.6,FM,5,"","Hoboken, NJ - 6.2mi NNW of 11232","","",""
60,441.2,N2DCS,TSQL,192.8,192.8,023,NN,+,5.0,FM,5,"","JerseyCity,ChristHospital, NJ - 6.2mi NW of 11232","","",""
61,440.55,KC2LEB,TSQL,141.3,141.3,023,NN,+,5.0,FM,5,"","Manhattan,TimesSquare, NY - 7.2mi N of 11232","","",""
62,147.36,WA2ZLB,TSQL,107.2,107.2,023,NN,+,0.6,FM,5,"","Manhattan,RockefellerCenter, NY - 7.3mi NNE of 11232","","",""
63,447.825,WA2ZLB,TSQL,107.2,107.2,023,NN,-,5.0,FM,5,"","Manhattan,RockefellerCenter, NY - 7.3mi NNE of 11232","","",""
64,223.94,WA2ZLB,TSQL,107.2,107.2,023,NN,-,1.6,FM,5,"","Manhattan,RockefellerCenter, NY - 7.3mi NNE of 11232","","",""
65,223.76,WR2MSN,TSQL,192.8,192.8,023,NN,-,1.6,FM,5,"","Manhattan, NY - 8.5mi N of 11232","","",""
66,145.35,W2RLA,TSQL,114.8,114.8,023,NN,-,0.6,FM,5,"","Newark, NJ - 8.5mi WNW of 11232","","",""
67,224.2,KD2VN,TSQL,131.8,131.8,023,NN,-,1.6,FM,5,"","UnionCity, NJ - 8.6mi N of 11232","","",""
68,441.7,K2IRT,TSQL,100.0,100.0,023,NN,+,5.0,FM,5,"","Manhattan,BowlingGreen, NY - 9.0mi NNE of 11232","","",""
69,445.875,N2BBO,TSQL,136.5,136.5,023,NN,-,5.0,FM,5,"","StatenIsland, NY - 9.0mi SW of 11232","","",""
70,448.475,N2IXU,TSQL,94.8,94.8,023,NN,-,5.0,FM,5,"","StatenIsland, NY - 9.0mi SW of 11232","","",""
71,147.315,KC2GOW,TSQL,118.8,118.8,023,NN,+,0.6,FM,5,"","StatenIsland,TodtHill, NY - 9.0mi SW of 11232","","",""
72,447.375,WA2IAF,TSQL,141.3,141.3,023,NN,-,5.0,FM,5,"","StatenIsland, NY - 9.0mi SW of 11232","","",""
73,445.825,KA2PBT,TSQL,156.7,156.7,023,NN,-,5.0,FM,5,"","StatenIsland, NY - 9.0mi SW of 11232","","",""
74,223.84,W2RJR,TSQL,141.3,141.3,023,NN,-,1.6,FM,5,"","StatenIsland, NY - 9.0mi SW of 11232","","",""
75,445.575,N2EHN,TSQL,141.3,141.3,023,NN,-,5.0,FM,5,"","StatenIsland,Northshore, NY - 9.0mi SW of 11232","","",""
76,53.83,KC2GOW,TSQL,136.5,136.5,023,NN,-,1.0,FM,5,"","StatenIsland,TodtHill, NY - 9.1mi SW of 11232","","",""
77,224.8,KQ2H,TSQL,141.3,141.3,023,NN,-,1.6,FM,5,"","Manhattan, NY - 9.1mi NNE of 11232","","",""
78,447.725,KB2EA,TSQL,71.9,71.9,023,NN,-,5.0,FM,5,"","StatenIsland, NY - 9.1mi SW of 11232","","",""
79,224.1,KC2GOW,TSQL,141.3,141.3,023,NN,-,1.6,FM,5,"","StatenIsland,GrymesHill, NY - 9.1mi SW of 11232","","",""
80,443.65,N2YN,TSQL,77.0,77.0,023,NN,+,5.0,FM,5,"","Manhattan, NY - 9.6mi NNE of 11232","","",""
81,444.05,N2ION,TSQL,114.8,114.8,023,NN,+,5.0,FM,5,"","Manhattan, NY - 9.7mi NNE of 11232","","",""
82,927.2875,NB2A,TSQL,88.5,88.5,023,NN,-,24.6875,FM,5,"","KewGardens, NY - 10.0mi E of 11232","","",""
83,445.175,NB2A,TSQL,141.3,141.3,023,NN,-,5.0,FM,5,"","Queens, NY - 10.1mi E of 11232","","",""
84,146.745,NB2A,TSQL,136.5,136.5,023,NN,-,0.6,FM,5,"","KewGardens, NY - 10.1mi E of 11232","","",""
85,224.46,N2XBA,(None),88.5,88.5,023,NN,-,1.6,FM,5,"","KewGardens, NY - 10.1mi E of 11232","","",""
86,147.225,K2MFF,TSQL,141.3,141.3,023,NN,+,0.6,FM,5,"","Newark, NJ - 10.2mi WNW of 11232","","",""
87,147.285,WB2MFC,(None),88.5,88.5,023,NN,+,0.6,FM,5,"","Newark, NJ - 10.2mi WNW of 11232","","",""
88,446.9,N2BEI,TSQL,141.3,141.3,023,NN,-,5.0,FM,5,"","Newark, NJ - 10.2mi WNW of 11232","","",""
89,440.4,W2MCC,(None),88.5,88.5,023,NN,+,5.0,FM,5,"","Elizabeth,TrinitasRegMedCtr, NJ - 10.6mi W of 11232","","",""
90,443.15,K2ETS,TSQL,141.3,141.3,023,NN,+,5.0,FM,5,"","Elizabeth, NJ - 10.6mi W of 11232","","",""
91,442.85,KB2OOJ,TSQL,127.3,127.3,023,NN,+,5.0,FM,5,"","Elizabeth, NJ - 10.6mi W of 11232","","",""
92,145.41,W2JDS,TSQL,107.2,107.2,023,NN,-,0.6,FM,5,"","Elizabeth, NJ - 10.7mi W of 11232","","",""
93,442.4,WB2CMN,TSQL,141.3,141.3,023,NN,+,5.0,FM,5,"","Elizabeth,TrinitasRegionalMedCenter, NJ - 10.8mi W of 11232","","",""
94,224.28,W2KB,TSQL,123.0,123.0,023,NN,-,1.6,FM,5,"","Newark, NJ - 10.9mi WNW of 11232","","",""
95,447.425,KB2OOJ,TSQL,127.3,127.3,023,NN,-,5.0,FM,5,"","CliffsidePark, NJ - 11.5mi N of 11232","","",""
96,445.775,N2OFY,TSQL,141.3,141.3,023,NN,-,5.0,FM,5,"","CliffsidePark, NJ - 11.5mi N of 11232","","",""
97,145.12,KD2HQY,TSQL,91.5,91.5,023,NN,-,0.6,FM,5,"","Newark, NJ - 11.9mi NW of 11232","","",""
98,449.725,KC2CQR,(None),88.5,88.5,023,NN,-,5.0,FM,5,"","Flushing, NY - 11.9mi E of 11232","","",""
99,440.7,WB2HWW,TSQL,114.8,114.8,023,NN,+,5.0,FM,5,"","Flushing,QueensCollege, NY - 11.9mi E of 11232","","",""
100,53.47,WB2HWW,(None),88.5,88.5,023,NN,-,1.0,FM,5,"","Flushing,QueensCollege, NY - 11.9mi E of 11232","","",""
101,145.45,W2MPX,TSQL,100.0,100.0,023,NN,-,0.6,FM,5,"","FortLee, NJ - 12.1mi N of 11232","","",""
102,442.1,NY4Z,TSQL,88.5,88.5,023,NN,+,5.0,FM,5,"","WhitePlans, NY - 12.2mi E of 11232","","",""
103,147.09,K2HAM,TSQL,114.8,114.8,023,NN,+,0.6,FM,5,"","Flushing, NY - 12.5mi NE of 11232","","",""
104,444.95,KB2HRA,TSQL,114.8,114.8,023,NN,+,5.0,FM,5,"","Flushing, NY - 12.5mi NE of 11232","","",""
105,447.675,K2ZV,TSQL,136.5,136.5,023,NN,-,5.0,FM,5,"","Carteret, NJ - 12.8mi WSW of 11232","","",""
106,438.1,K2CSX,TSQL,91.5,91.5,023,NN,"",0.0,FM,5,"","Highbridge, NY - 13.2mi NNE of 11232","","",""
107,145.67,K2CSX,TSQL,88.5,88.5,023,NN,"",0.0,FM,5,"","SouthBronx,HighBridge, NY - 13.2mi NNE of 11232","","",""
108,445.925,N2PSU,TSQL,141.3,141.3,023,NN,-,5.0,FM,5,"","Roselle,Firehouse, NJ - 13.2mi W of 11232","","",""
109,147.15,N2JDW,TSQL,136.5,136.5,023,NN,+,0.6,FM,5,"","Manhattan,WashingtonHeights, NY - 13.3mi NNE of 11232","","",""
110,442.95,K2QW,TSQL,141.3,141.3,023,NN,+,5.0,FM,5,"","FortLee, NJ - 13.6mi N of 11232","","",""
111,446.375,W2FCC,TSQL,141.3,141.3,023,NN,-,5.0,FM,5,"","Union, NJ - 13.7mi WNW of 11232","","",""
112,441.85,W2NIW,TSQL,136.5,136.5,023,NN,+,5.0,FM,5,"","LittleFerry, NJ - 13.7mi N of 11232","","",""
113,443.8875,N2NSA,TSQL,88.5,88.5,023,NN,+,5.0,FM,5,"","UpperManhattan,GeorgeWashingtonBridge, NY - 13.8mi NNE of 11232","","",""
114,443.75,W2RN,TSQL,141.3,141.3,023,NN,+,5.0,FM,5,"","Woodridge, NJ - 13.8mi NNW of 11232","","",""
115,446.33,W2FOY,TSQL,151.4,151.4,023,NN,-,5.0,FM,5,"","Nutley, NJ - 14.0mi NW of 11232","","",""
116,441.75,N2SMI,(None),88.5,88.5,023,NN,+,5.0,FM,5,"","Nutley, NJ - 14.0mi NW of 11232","","",""
117,145.35,K2EAR,TSQL,114.8,114.8,023,NN,-,0.6,FM,5,"","Rosedale, NY - 14.3mi ESE of 11232","","",""
118,438.5875,K2JRC,TSQL,88.5,88.5,023,NN,-,5.0,FM,5,"","Bayside, NY - 14.6mi E of 11232","","",""
119,224.22,KE2TT,TSQL,74.4,74.4,023,NN,-,1.6,FM,5,"","SouthOrange, NJ - 14.8mi WNW of 11232","","",""
120,446.125,N2NSS,TSQL,162.2,162.2,023,NN,-,5.0,FM,5,"","SouthOrange, NJ - 14.8mi WNW of 11232","","",""
121,442.65,WB2QBP,TSQL,141.3,141.3,023,NN,+,5.0,FM,5,"","QueensVillage, NY - 14.8mi E of 11232","","",""
122,443.35,N2NSA,TSQL,88.5,88.5,023,NN,+,5.0,FM,5,"","Bronx, NY - 14.9mi NNE of 11232","","",""
123,440.2,KB2NGU,TSQL,88.5,88.5,023,NN,+,5.0,FM,5,"","Bronx, NY - 15.0mi NNE of 11232","","",""
124,443.3,N2NSA,TSQL,123.0,123.0,023,NN,+,5.0,FM,5,"","Bronx, NY - 15.0mi NNE of 11232","","",""
125,445.525,N2XPM,TSQL,131.8,131.8,023,NN,-,5.0,FM,5,"","Cedarhurst, NY - 15.0mi ESE of 11232","","",""
126,445.125,KC2GOW,TSQL,141.3,141.3,023,NN,-,5.0,FM,5,"","StatenIsland,TodtHill, NY - 15.1mi SW of 11232","","",""
127,145.69,W2MGF,(None),88.5,88.5,023,NN,"",0.0,FM,5,"","Bronx,ThroggsNeckBridge, NY - 15.1mi NE of 11232","","",""
128,224.58,WB2KVO,(None),88.5,88.5,023,NN,-,1.6,FM,5,"","Bronx, NY - 15.3mi NNE of 11232","","",""
129,447.625,N2HBA,TSQL,136.5,136.5,023,NN,-,5.0,FM,5,"","Bronx, NY - 15.3mi NNE of 11232","","",""
130,145.23,W2CMA,TSQL,114.8,114.8,023,NN,-,0.6,FM,5,"","Bronx, NY - 15.3mi NNE of 11232","","",""
131,442.75,N2YN,TSQL,173.8,173.8,023,NN,+,5.0,FM,5,"","Bronx, NY - 15.3mi NNE of 11232","","",""
132,440.8,N2YN,TSQL,173.8,173.8,023,NN,+,5.0,FM,5,"","Bronx, NY - 15.4mi NNE of 11232","","",""
133,440.05,W2NJR,TSQL,141.3,141.3,023,NN,+,5.0,FM,5,"","WestOrange, NJ - 15.6mi NW of 11232","","",""
134,146.415,WA2JSB,TSQL,85.4,85.4,023,NN,+,1.0,FM,5,"","WestOrange, NJ - 15.6mi NW of 11232","","",""
135,444.65,WB2IIQ,TSQL,103.5,103.5,023,NN,+,5.0,FM,5,"","ValleyStream, NY - 15.7mi ESE of 11232","","",""
136,448.625,N2ZEI,TSQL,136.5,136.5,023,NN,-,5.0,FM,5,"","ValleyStream, NY - 15.7mi ESE of 11232","","",""
137,447.225,N2DCE,TSQL,88.5,88.5,023,NN,-,5.0,FM,5,"","Montclair, NJ - 15.8mi NW of 11232","","",""
138,444.7,NJ5R,TSQL,88.5,88.5,023,NN,+,5.0,FM,5,"","Clark, NJ - 16.1mi W of 11232","","",""
139,447.875,WA2JSB,TSQL,156.7,156.7,023,NN,-,5.0,FM,5,"","WestOrange, NJ - 16.2mi NW of 11232","","",""
140,442.6,N2MH,TSQL,141.3,141.3,023,NN,+,5.0,FM,5,"","WestOrange, NJ - 16.2mi NW of 11232","","",""
141,927.7,KC2GOW,TSQL,100.0,100.0,023,NN,-,25.6625,FM,5,"","StatenIsland,TodtHill, NY - 16.5mi SW of 11232","","",""
142,147.505,WA2BAT,TSQL,123.0,123.0,023,NN,-,1.0,FM,5,"","Springfield, NJ - 16.5mi WNW of 11232","","",""
143,146.85,W2VL,TSQL,136.5,136.5,023,NN,-,0.6,FM,5,"","GlenOaks, NY - 16.7mi E of 11232","","",""
144,445.375,K2CJP,TSQL,114.8,114.8,023,NN,-,5.0,FM,5,"","GlenOaks, NY - 16.7mi E of 11232","","",""
145,447.025,WB2WAK,TSQL,88.5,88.5,023,NN,-,5.0,FM,5,"","GlenOaks, NY - 16.7mi E of 11232","","",""
146,145.41,K2CJP,TSQL,114.8,114.8,023,NN,-,0.6,FM,5,"","GlenOaks, NY - 16.7mi E of 11232","","",""
147,448.775,WB2VTJ,TSQL,114.8,114.8,023,NN,-,5.0,FM,5,"","GlenOaks, NY - 16.7mi E of 11232","","",""
148,438.5125,WB2WAK,TSQL,88.5,88.5,023,NN,"",0.0,FM,5,"","GlenOaks, NY - 16.7mi E of 11232","","",""
149,440.75,KB2EKX,TSQL,162.2,162.2,023,NN,+,5.0,FM,5,"","GlenOaks, NY - 16.7mi E of 11232","","",""
150,1288.0,W2VL,TSQL,136.5,136.5,023,NN,-,12.0,FM,5,"","GlenOaks, NY - 16.7mi E of 11232","","",""
151,224.82,W2KPQ,TSQL,136.5,136.5,023,NN,-,1.6,FM,5,"","GlenOaks, NY - 16.7mi E of 11232","","",""
152,927.9625,N2HBA,TSQL,151.4,151.4,023,NN,-,25.0,FM,5,"","Brooklyn, NY - 16.9mi NNE of 11232","","",""
153,448.875,W2UHF,TSQL,151.4,151.4,023,NN,-,5.0,FM,5,"","Verona, NJ - 17.1mi NW of 11232","","",""
154,224.48,W2QR,TSQL,151.4,151.4,023,NN,-,1.6,FM,5,"","Verona, NJ - 17.1mi NW of 11232","","",""
155,224.36,KB2N,TSQL,141.3,141.3,023,NN,-,1.6,FM,5,"","Clifton,BohnHallMSU, NJ - 17.3mi NW of 11232","","",""
156,443.45,WO2X,TSQL,141.3,141.3,023,NN,+,5.0,FM,5,"","LittleFalls,MonclairStateUniversity, NJ - 17.4mi NW of 11232","","",""
157,224.42,WB2IZC,TSQL,88.5,88.5,023,NN,-,1.6,FM,5,"","SaddleBrook, NJ - 17.4mi NNW of 11232","","",""
158,449.875,KC2YJV,TSQL,103.5,103.5,023,NN,-,5.0,FM,5,"","Colonia,GSPBridge, NJ - 17.5mi WSW of 11232","","",""
159,446.425,WB2WAK,TSQL,88.5,88.5,023,NN,-,5.0,FM,5,"","Malverne, NY - 17.6mi ESE of 11232","","",""
160,443.05,W2XTV,TSQL,141.3,141.3,023,NN,+,5.0,FM,5,"","LittleFalls, NJ - 17.6mi NW of 11232","","",""
161,224.54,WA2YUD,TSQL,136.5,136.5,023,NN,-,1.6,FM,5,"","EastRockaway, NY - 17.7mi ESE of 11232","","",""
162,146.445,W2DGL,(None),88.5,88.5,023,NN,+,1.0,FM,5,"","CedarGrove, NJ - 17.8mi NW of 11232","","",""
163,440.95,NJ2PC,TSQL,97.4,97.4,023,NN,+,5.0,FM,5,"","Paterson,GarrettMountainReservation, NJ - 17.8mi NNW of 11232","","",""
164,224.96,KB2SEY,(None),88.5,88.5,023,NN,-,1.6,FM,5,"","Keyport, NJ - 18.4mi SSW of 11232","","",""
165,146.595,NE2S,TSQL,100.0,100.0,023,NN,+,1.0,FM,5,"","Livingston, NJ - 18.8mi WNW of 11232","","",""
166,448.725,N2DR,TSQL,151.4,151.4,023,NN,-,5.0,FM,5,"","Middletown, NJ - 19.0mi SSW of 11232","","",""
167,145.485,N2DR,TSQL,151.4,151.4,023,NN,-,0.6,FM,5,"","Middletown, NJ - 19.0mi SSW of 11232","","",""
168,447.925,N2ION,TSQL,114.8,114.8,023,NN,-,5.0,FM,5,"","Oceanside, NY - 19.3mi ESE of 11232","","",""
169,145.42,K9GTM,(None),88.5,88.5,023,NN,"",0.0,FM,5,"","Bergenfield, NJ - 19.3mi N of 11232","","",""
170,440.25,WB2FYF,TSQL,141.3,141.3,023,NN,+,5.0,FM,5,"","SouthAmboy, NJ - 19.3mi SW of 11232","","",""
171,444.4,K2ODP,TSQL,141.3,141.3,023,NN,+,5.0,FM,5,"","SouthAmboy, NJ - 19.3mi SW of 11232","","",""
172,147.18,W2JT,TSQL,156.7,156.7,023,NN,+,0.6,FM,5,"","NorthCaldwell, NJ - 19.5mi NW of 11232","","",""
173,146.91,K2JQB,TSQL,114.8,114.8,023,NN,-,0.6,FM,5,"","Yonkers, NY - 19.8mi NNE of 11232","","",""
174,146.865,W2YRC,TSQL,110.9,110.9,023,NN,-,0.6,FM,5,"","Yonkers, NY - 19.8mi NNE of 11232","","",""
175,145.495,K2UQT,(None),88.5,88.5,023,NN,-,0.6,FM,5,"","MountVernon, NY - 19.8mi NNE of 11232","","",""
176,440.15,W2YRC,TSQL,88.5,88.5,023,NN,+,5.0,FM,5,"","Yonkers, NY - 19.8mi NNE of 11232","","",""
177,224.94,W2YRC,TSQL,88.5,88.5,023,NN,-,1.6,FM,5,"","Yonkers, NY - 19.8mi NNE of 11232","","",""
178,445.425,N2QNB,TSQL,136.5,136.5,023,NN,-,5.0,FM,5,"","Yonkers, NY - 19.9mi NNE of 11232","","",""
179,145.47,W2NPT,TSQL,88.5,88.5,023,NN,-,0.6,FM,5,"","FairLawn, NJ - 20.0mi NNW of 11232","","",""
180,445.975,N2YXZ,TSQL,118.8,118.8,023,NN,-,5.0,FM,5,"","CarlePlace, NY - 20.1mi E of 11232","","",""
181,146.79,W2AKR,TSQL,141.3,141.3,023,NN,-,0.6,FM,5,"","Paramus, NJ - 20.2mi N of 11232","","",""
182,444.15,	KM4WUD,TSQL,88.5,88.5,023,NN,+,5.0,FM,5,"","Paramus, NJ - 20.2mi N of 11232","","",""
183,146.64,W2EJ,TSQL,100.0,100.0,023,NN,-,0.6,FM,5,"","Mineola, NY - 20.3mi E of 11232","","",""
184,441.35,W2EJ,TSQL,107.2,107.2,023,NN,+,5.0,FM,5,"","Mineola, NY - 20.3mi E of 11232","","",""
185,443.25,KC2DVQ,TSQL,123.0,123.0,023,NN,+,5.0,FM,5,"","Mineola, NY - 20.3mi E of 11232","","",""
186,224.08,N2PAL,TSQL,114.8,114.8,023,NN,-,1.6,FM,5,"","Yonkers, NY - 20.4mi NNE of 11232","","",""
187,449.975,W2LI,TSQL,141.3,141.3,023,NN,-,5.0,FM,5,"","MurrayHill, NJ - 20.4mi W of 11232","","",""
188,147.255,W2LI,TSQL,141.3,141.3,023,NN,+,0.6,FM,5,"","MurrayHill, NJ - 20.4mi W of 11232","","",""
189,443.25,WS2Q,TSQL,141.3,141.3,023,NN,+,5.0,FM,5,"","Morristown, NJ - 20.5mi SW of 11232","","",""
190,224.94,WS2Q,TSQL,107.2,107.2,023,NN,-,1.6,FM,5,"","Morristown, NJ - 20.5mi SW of 11232","","",""
191,441.95,KA2MRK,TSQL,114.8,114.8,023,NN,+,5.0,FM,5,"","Paramus, NJ - 20.5mi N of 11232","","",""
192,449.175,WB2CMK,TSQL,141.3,141.3,023,NN,-,5.0,FM,5,"","Chatham, NJ - 20.6mi WNW of 11232","","",""
193,449.675,KB2AZY,TSQL,114.8,114.8,023,NN,-,5.0,FM,5,"","Hempstead, NY - 20.7mi ESE of 11232","","",""
194,145.68,W2KBF,(None),88.5,88.5,023,NN,"",0.0,FM,5,"","FairLawn, NJ - 20.7mi NNW of 11232","","",""
195,443.2,K2GE,TSQL,141.3,141.3,023,NN,+,5.0,FM,5,"","Sayreville, NJ - 21.1mi SW of 11232","","",""
196,442.7,W2MR,TSQL,97.4,97.4,023,NN,+,5.0,FM,5,"","Alpine,ArmstrongTower, NJ - 21.1mi N of 11232","","",""
197,146.955,K2FJ,TSQL,141.3,141.3,023,NN,-,0.6,FM,5,"","Alpine, NJ - 21.1mi N of 11232","","",""
198,146.76,K2GE,TSQL,156.7,156.7,023,NN,-,0.6,FM,5,"","Sayreville, NJ - 21.1mi SW of 11232","","",""
199,444.2,WB2ZZO,TSQL,136.5,136.5,023,NN,+,5.0,FM,5,"","Alpine, NJ - 21.1mi N of 11232","","",""
200,29.62,KQ2H,TSQL,146.2,146.2,023,NN,-,0.1,FM,5,"","Alpine, NJ - 21.1mi N of 11232","","",""
201,442.9,K2FJ,TSQL,141.3,141.3,023,NN,+,5.0,FM,5,"","Alpine, NJ - 21.1mi N of 11232","","",""
202,145.78,N2YGI,TSQL,88.5,88.5,023,NN,-,1.3,FM,5,"","NewRochelle, NY - 21.2mi NNE of 11232","","",""
203,446.725,NY4Z,TSQL,192.8,192.8,023,NN,-,5.0,FM,5,"","NewRochelle, NY - 21.2mi NNE of 11232","","",""
204,147.12,W2CJA,TSQL,162.2,162.2,023,NN,+,0.6,FM,5,"","Parlin, NJ - 21.9mi SW of 11232","","",""
205,146.97,NJ2SP,TSQL,97.4,97.4,023,NN,-,0.6,FM,5,"","SouthPlainfield,PoliceStation, NJ - 21.9mi WSW of 11232","","",""
206,446.18,W2CJA,TSQL,162.2,162.2,023,NN,-,5.0,FM,5,"","Parlin, NJ - 22.0mi SW of 11232","","",""
207,224.06,KD2KWT,TSQL,79.7,79.7,023,NN,-,1.6,FM,5,"","Wayne,St.Joseph'sHospital, NJ - 22.5mi NNW of 11232","","",""
208,145.21,KD2KWT,TSQL,79.7,79.7,023,NN,-,0.6,FM,5,"","Wayne,St.JosephsHospital, NJ - 22.5mi NNW of 11232","","",""
209,444.8,KD2KWT,TSQL,79.7,79.7,023,NN,+,5.0,FM,5,"","Wayne,StJosephsHospital, NJ - 22.5mi NNW of 11232","","",""
210,444.05,WB2HKK,TSQL,141.3,141.3,023,NN,+,5.0,FM,5,"","OldBridge, NJ - 23.0mi SW of 11232","","",""
211,448.575,NC2EC,(None),88.5,88.5,023,NN,-,5.0,FM,5,"","Westbury, NY - 23.1mi E of 11232","","",""
212,146.67,NC2EC,(None),88.5,88.5,023,NN,-,0.6,FM,5,"","Westbury, NY - 23.1mi E of 11232","","",""
213,442.0,WA2SQQ,TSQL,156.7,156.7,023,NN,+,5.0,FM,5,"","Wayne, NJ - 23.3mi NW of 11232","","",""
214,146.94,K2ETS,TSQL,141.3,141.3,023,NN,-,0.6,FM,5,"","Watchung, NJ - 23.3mi W of 11232","","",""
215,147.135,WB2CYN,TSQL,136.5,136.5,023,NN,+,0.6,FM,5,"","EastMeadow, NY - 23.8mi ESE of 11232","","",""
216,443.8,AA2UC,TSQL,141.3,141.3,023,NN,+,5.0,FM,5,"","EastMeadow, NY - 23.8mi ESE of 11232","","",""
217,444.8875,NC2PD,TSQL,179.9,179.9,023,NN,+,5.0,FM,5,"","EastMeadow, NY - 23.8mi ESE of 11232","","",""
218,444.75,WB2ERS,TSQL,110.9,110.9,023,NN,+,5.0,FM,5,"","EastMeadow, NY - 23.8mi ESE of 11232","","",""
219,443.525,KB2BWV,TSQL,114.8,114.8,023,NN,+,5.0,FM,5,"","EastMeadow, NY - 23.8mi ESE of 11232","","",""
220,443.325,K2CX,TSQL,141.3,141.3,023,NN,+,5.0,FM,5,"","EastMeadow, NY - 23.8mi ESE of 11232","","",""
221,444.4,KC2NFB,TSQL,88.5,88.5,023,NN,+,5.0,FM,5,"","EastMeadow, NY - 23.9mi ESE of 11232","","",""
222,1291.2,NE2E,(None),88.5,88.5,023,NN,-,12.0,FM,5,"","SouthRiver, NJ - 24.6mi SW of 11232","","",""
223,224.78,NE2E,TSQL,123.0,123.0,023,NN,-,1.6,FM,5,"","SouthRiver, NJ - 24.6mi SW of 11232","","",""
224,444.25,NE2E,TSQL,123.0,123.0,023,NN,+,5.0,FM,5,"","SouthRiver, NJ - 24.6mi SW of 11232","","",""
225,443.55,WB2SNN,TSQL,141.3,141.3,023,NN,+,5.0,FM,5,"","SouthRiver, NJ - 24.6mi SW of 11232","","",""
226,448.925,K2EPD,TSQL,94.8,94.8,023,NN,-,5.0,FM,5,"","TintonFalls, NJ - 24.8mi SSW of 11232","","",""
227,441.4,NJ2DG,TSQL,88.5,88.5,023,NN,+,5.0,FM,5,"","Martinsville, NJ - 24.9mi WSW of 11232","","",""
228,146.625,W2QW,TSQL,103.5,103.5,023,NN,-,0.6,FM,5,"","GreenBrook, NJ - 25.1mi W of 11232","","",""
229,145.25,WB2BQW,TSQL,100.0,100.0,023,NN,-,0.6,FM,5,"","GreenBrook, NJ - 25.1mi W of 11232","","",""
230,442.25,W2QW,TSQL,88.5,88.5,023,NN,+,5.0,FM,5,"","GreenBrook, NJ - 25.1mi W of 11232","","",""
231,444.5,N2NSV,TSQL,131.8,131.8,023,NN,+,5.0,FM,5,"","GreenBrook, NJ - 25.1mi W of 11232","","",""
232,449.28,KC2CWP,TSQL,151.4,151.4,023,NN,-,5.0,FM,5,"","SouthBrunswick, NJ - 25.5mi WSW of 11232","","",""
233,440.45,NE2E,TSQL,123.0,123.0,023,NN,+,5.0,FM,5,"","NewBrunswick, NJ - 25.5mi WSW of 11232","","",""
234,224.56,KA2AHS,TSQL,141.3,141.3,023,NN,-,1.6,FM,5,"","NewBrunswick, NJ - 25.5mi WSW of 11232","","",""
235,440.8,KC2MKE,TSQL,141.3,141.3,023,NN,+,5.0,FM,5,"","NewBrunswick, NJ - 25.5mi WSW of 11232","","",""
236,442.85,K2UTB,TSQL,118.8,118.8,023,NN,+,5.0,FM,5,"","DobbsFerry, NY - 25.7mi NNE of 11232","","",""
237,442.15,KC2QVK,TSQL,94.8,94.8,023,NN,+,5.0,FM,5,"","Woodbridge, NJ - 25.9mi WSW of 11232","","",""
238,223.96,K2ETS,TSQL,110.9,110.9,023,NN,-,1.6,FM,5,"","Warren, NJ - 25.9mi W of 11232","","",""
239,440.1,WB2JTE,TSQL,141.3,141.3,023,NN,+,5.0,FM,5,"","Parsippany, NJ - 26.0mi WNW of 11232","","",""
240,145.37,WS2Q,TSQL,151.4,151.4,023,NN,-,0.6,FM,5,"","Morristown, NJ - 26.7mi WNW of 11232","","",""
241,446.975,K2ZD,TSQL,141.3,141.3,023,NN,-,5.0,FM,5,"","Montvale, NJ - 27.0mi N of 11232","","",""
242,443.1,K2GCL,TSQL,141.3,141.3,023,NN,+,5.0,FM,5,"","FranklinLakes, NJ - 27.0mi NNW of 11232","","",""
243,449.775,N2WNS,TSQL,88.5,88.5,023,NN,-,5.0,FM,5,"","Boonton, NJ - 27.1mi NW of 11232","","",""
244,444.0,N2JTI,TSQL,88.5,88.5,023,NN,+,5.0,FM,5,"","Orangeburg, NY - 27.1mi N of 11232","","",""
245,147.045,W2GSA,TSQL,67.0,67.0,023,NN,+,0.6,FM,5,"","TintonFalls, NJ - 27.3mi S of 11232","","",""
246,443.0,WW2ARC,TSQL,127.3,127.3,023,NN,+,5.0,FM,5,"","Oakhurst, NJ - 27.3mi S of 11232","","",""
247,147.03,W2TW,TSQL,151.4,151.4,023,NN,+,0.6,FM,5,"","Boonton,SheepHill, NJ - 27.4mi NW of 11232","","",""
248,146.835,NJ2BS,TSQL,151.4,151.4,023,NN,-,0.6,FM,5,"","PearlRiver, NY - 27.8mi N of 11232","","",""
249,146.745,WA2LQO,TSQL,136.5,136.5,023,NN,-,0.6,FM,5,"","Plainview, NY - 28.2mi E of 11232","","",""
250,449.3,K2ATT,TSQL,156.7,156.7,023,NN,-,5.0,FM,5,"","Bethpage, NY - 28.2mi E of 11232","","",""
251,441.3,W2IP,TSQL,88.5,88.5,023,NN,+,5.0,FM,5,"","FranklinLakes, NJ - 28.6mi NNW of 11232","","",""
252,447.975,WB2CYN,TSQL,136.5,136.5,023,NN,-,5.0,FM,5,"","Syosset, NY - 29.0mi E of 11232","","",""
253,448.025,N2HBA,TSQL,136.5,136.5,023,NN,-,5.0,FM,5,"","Syosset, NY - 29.0mi E of 11232","","",""
254,147.135,WJ2DX,TSQL,151.4,151.4,023,NN,+,0.6,FM,5,"","Cherryville, NJ - 29.0mi W of 11232","","",""
255,224.44,NY4Z,TSQL,74.4,74.4,023,NN,-,1.6,FM,5,"","WhitePlains, NY - 29.1mi NNE of 11232","","",""
256,446.275,NY4Z,TSQL,192.8,192.8,023,NN,-,5.0,FM,5,"","WhitePlains, NY - 29.1mi NNE of 11232","","",""
257,1284.0,NJ2DG,(None),88.5,88.5,023,NN,-,12.0,FM,5,"","Martinsville, NJ - 29.2mi W of 11232","","",""
258,147.285,W2NJR,TSQL,141.3,141.3,023,NN,+,0.6,FM,5,"","Martinsville, NJ - 29.2mi W of 11232","","",""
259,1250.5,NJ2DG,(None),88.5,88.5,023,NN,"",0.0,FM,5,"","Martinsville, NJ - 29.2mi W of 11232","","",""
260,447.075,K1DO,TSQL,88.5,88.5,023,NN,-,5.0,FM,5,"","Martinsville, NJ - 29.2mi W of 11232","","",""
261,441.65,NJ2DG,(None),88.5,88.5,023,NN,+,5.0,FM,5,"","Martinsville, NJ - 29.2mi W of 11232","","",""
262,449.375,W2KPQ,TSQL,88.5,88.5,023,NN,-,5.0,FM,5,"","Plainview,LongIsland, NY - 29.3mi E of 11232","","",""
263,224.88,WX3K,TSQL,103.5,103.5,023,NN,-,1.6,FM,5,"","Martinsville, NJ - 29.4mi W of 11232","","",""
264,448.18,WA2OCN,TSQL,141.3,141.3,023,NN,-,5.0,FM,5,"","Martinsville, NJ - 29.4mi W of 11232","","",""
265,224.64,N2ZAV,TSQL,151.4,151.4,023,NN,-,1.6,FM,5,"","Martinsville, NJ - 29.4mi W of 11232","","",""
266,445.725,N3MSK,TSQL,141.3,141.3,023,NN,-,5.0,FM,5,"","Martinsville, NJ - 29.4mi W of 11232","","",""
267,446.475,WB2WAK,TSQL,136.5,136.5,023,NN,-,5.0,FM,5,"","Plainview, NY - 29.5mi E of 11232","","",""
268,449.375,N2UKA,TSQL,141.3,141.3,023,NN,-,5.0,FM,5,"","Denville, NJ - 29.5mi WNW of 11232","","",""
269,442.05,KC2DEQ,TSQL,123.0,123.0,023,NN,+,5.0,FM,5,"","Denville,StClaresHospital, NJ - 29.5mi NW of 11232","","",""
270,449.125,W2KPQ,TSQL,136.5,136.5,023,NN,-,5.0,FM,5,"","Plainview, NY - 29.5mi E of 11232","","",""
271,147.33,WA2UZE,TSQL,136.5,136.5,023,NN,+,0.6,FM,5,"","Plainview, NY - 29.5mi E of 11232","","",""
272,441.4,KC2AOY,TSQL,151.4,151.4,023,NN,+,5.0,FM,5,"","Plainview, NY - 29.5mi E of 11232","","",""
273,447.2,KE2EJ,TSQL,136.5,136.5,023,NN,-,5.0,FM,5,"","Plainview, NY - 29.5mi E of 11232","","",""
274,146.805,WB2WAK,TSQL,136.5,136.5,023,NN,-,0.6,FM,5,"","Plainview, NY - 29.5mi E of 11232","","",""
275,447.35,N2FLF,TSQL,114.8,114.8,023,NN,-,5.0,FM,5,"","Plainview, NY - 29.5mi E of 11232","","",""
276,145.14,NJ2DG,(None),88.5,88.5,023,NN,-,0.6,FM,5,"","Martinsville, NJ - 29.6mi W of 11232","","",""
277,147.535,KC2EHA,TSQL,123.0,123.0,023,NN,-,2.0,FM,5,"","Nanuet, NY - 29.9mi N of 11232","","",""
278,443.35,WR2I,TSQL,114.8,114.8,023,NN,+,5.0,FM,5,"","Nanuet, NY - 29.9mi N of 11232","","",""
279,444.9,W2BAT,TSQL,225.7,225.7,023,NN,+,5.0,FM,5,"","Whitestone,WhitestoneBridge, NY - 30.0mi SE of 11232","","",""
280,146.895,WS2Q,TSQL,151.4,151.4,023,NN,-,0.6,FM,5,"","MountFreedom, NJ - 30.1mi WNW of 11232","","",""
281,444.65,KB2GTE,TSQL,114.8,114.8,023,NN,+,5.0,FM,5,"","RyeBrook, NY - 30.3mi NE of 11232","","",""
282,440.65,K2XD,TSQL,114.8,114.8,023,NN,+,5.0,FM,5,"","Valhalla, NY - 30.3mi NNE of 11232","","",""
283,146.7,W2PQG,TSQL,141.3,141.3,023,NN,-,0.6,FM,5,"","Wanaque, NJ - 30.3mi NNW of 11232","","",""
284,446.175,WA2SNA,TSQL,107.2,107.2,023,NN,-,5.0,FM,5,"","Wanaque, NJ - 30.3mi NNW of 11232","","",""
285,146.49,WA2SNA,TSQL,107.2,107.2,023,NN,+,1.0,FM,5,"","Wanaque, NJ - 30.3mi NNW of 11232","","",""
286,29.64,N2ACF,TSQL,114.8,114.8,023,NN,-,0.1,FM,5,"","Orangetown, NY - 30.4mi N of 11232","","",""
287,53.37,N2ACF,TSQL,114.8,114.8,023,NN,-,1.0,FM,5,"","Orangetown, NY - 30.4mi N of 11232","","",""
288,444.0,N2JTI,TSQL,88.5,88.5,023,NN,+,5.0,FM,5,"","Orangeburg, NY - 30.4mi N of 11232","","",""
289,147.165,WB2RRA,TSQL,114.8,114.8,023,NN,+,0.6,FM,5,"","Orangetown, NY - 30.4mi N of 11232","","",""
290,443.85,N2ACF,TSQL,114.8,114.8,023,NN,+,5.0,FM,5,"","Orangetown, NY - 30.4mi N of 11232","","",""
291,449.425,WR2I,(None),88.5,88.5,023,NN,-,5.0,FM,5,"","Nyack, NY - 30.4mi N of 11232","","",""
292,927.85,N2ACF,TSQL,114.8,114.8,023,NN,-,25.8375,FM,5,"","Orangetown, NY - 30.4mi N of 11232","","",""
293,224.38,WA2MLG,TSQL,114.8,114.8,023,NN,-,1.6,FM,5,"","Orangetown, NY - 30.4mi N of 11232","","",""
294,927.9875,WB2ZII,TSQL,114.8,114.8,023,NN,-,25.0,FM,5,"","Valhalla,Grasslandstower, NY - 30.9mi NNE of 11232","","",""
295,448.1875,W2ECA,(None),88.5,88.5,023,NN,-,5.0,FM,5,"","Valhalla, NY - 31.4mi NNE of 11232","","",""
296,447.475,WB2ZII,TSQL,114.8,114.8,023,NN,-,5.0,FM,5,"","Valhalla, NY - 31.4mi NNE of 11232","","",""
297,147.06,WB2ZII,TSQL,114.8,114.8,023,NN,+,0.6,FM,5,"","Valhalla, NY - 31.4mi NNE of 11232","","",""
298,446.625,WK3SS,(None),88.5,88.5,023,NN,-,5.0,FM,5,"","Rockaway, NJ - 31.4mi NW of 11232","","",""
299,224.5,KA2CAF,TSQL,131.8,131.8,023,NN,-,1.6,FM,5,"","MonroeTownship,EnglishtownSpeedway, NJ - 31.4mi SW of 11232","","",""
300,224.4,WB2ZII,TSQL,114.8,114.8,023,NN,-,1.6,FM,5,"","Valhalla, NY - 31.4mi NNE of 11232","","",""
301,442.15,KB2MMR,TSQL,141.3,141.3,023,NN,+,5.0,FM,5,"","Avon, NJ - 32.4mi S of 11232","","",""
302,442.95,WB2CIK,TSQL,114.8,114.8,023,NN,+,5.0,FM,5,"","Melville, NY - 32.4mi E of 11232","","",""
303,53.11,WB2CIK,TSQL,107.2,107.2,023,NN,-,1.78,FM,5,"","Melville, NY - 32.4mi E of 11232","","",""
304,147.285,KB2AKH,TSQL,97.4,97.4,023,NN,+,0.6,FM,5,"","Melville, NY - 32.5mi E of 11232","","",""
305,449.525,W2NJR,TSQL,141.3,141.3,023,NN,-,5.0,FM,5,"","Freehold, NJ - 32.7mi SSW of 11232","","",""
306,441.5,WA2SLH,TSQL,141.3,141.3,023,NN,+,5.0,FM,5,"","Randolph, NJ - 32.8mi WNW of 11232","","",""
307,145.11,N2MO,TSQL,127.3,127.3,023,NN,-,0.6,FM,5,"","Allenwood, NJ - 32.9mi SSW of 11232","","",""
308,146.685,W2GSB,TSQL,110.9,110.9,023,NN,-,0.6,FM,5,"","NorthLindenhurst, NY - 33.0mi ESE of 11232","","",""
309,440.25,W2TOB,(None),88.5,88.5,023,NN,+,5.0,FM,5,"","NorthLindenhurst, NY - 33.1mi ESE of 11232","","",""
310,444.9125,KB2EAR,TSQL,141.3,141.3,023,NN,+,5.0,FM,5,"","KendallPark, NJ - 33.3mi WSW of 11232","","",""
311,443.4,KA2RLM,TSQL,141.3,141.3,023,NN,+,5.0,FM,5,"","SouthBrunswick, NJ - 33.3mi SW of 11232","","",""
312,147.21,WR2ABA,TSQL,136.5,136.5,023,NN,+,0.6,FM,5,"","Huntington, NY - 33.8mi E of 11232","","",""
313,448.675,WR2ABA,TSQL,114.8,114.8,023,NN,-,5.0,FM,5,"","Huntington, NY - 33.8mi E of 11232","","",""
314,444.95,WA2OCN,TSQL,141.3,141.3,023,NN,+,5.0,FM,5,"","Bridgewater, NJ - 33.9mi W of 11232","","",""
315,146.775,N2CTD,TSQL,103.5,103.5,023,NN,-,0.6,FM,5,"","WallTwp, NJ - 34.0mi S of 11232","","",""
316,444.35,WB2ANM,TSQL,141.3,141.3,023,NN,+,5.0,FM,5,"","WallTwp, NJ - 34.2mi S of 11232","","",""
317,448.225,KF2GV,TSQL,69.3,69.3,023,NN,-,5.0,FM,5,"","Huntington,HuntingtonHospital, NY - 34.6mi E of 11232","","",""
318,147.135,K2NJ,TSQL,151.4,151.4,023,NN,+,0.6,FM,5,"","Hillsborough, NJ - 34.8mi WSW of 11232","","",""
319,223.82,N2ACF,TSQL,114.8,114.8,023,NN,-,1.6,FM,5,"","Pomona, NY - 35.3mi N of 11232","","",""
320,146.46,N2ACF,TSQL,77.0,77.0,023,NN,+,1.0,FM,5,"","Pomona, NY - 35.3mi N of 11232","","",""
321,444.45,N2ACF,TSQL,114.8,114.8,023,NN,+,5.0,FM,5,"","Pomona, NY - 35.3mi N of 11232","","",""
322,440.3,KB2RF,TSQL,88.5,88.5,023,NN,+,5.0,FM,5,"","Howell, NJ - 35.6mi SSW of 11232","","",""
323,444.85,N2ACF,TSQL,114.8,114.8,023,NN,+,5.0,FM,5,"","Sloatsburg, NY - 35.8mi NNW of 11232","","",""
324,224.3,W2TWY,TSQL,114.8,114.8,023,NN,-,1.6,FM,5,"","Armonk,KensicoReservoir, NY - 35.9mi NNE of 11232","","",""
325,447.78,WT2S,TSQL,136.5,136.5,023,NN,-,5.0,FM,5,"","Succasunna, NJ - 36.2mi WNW of 11232","","",""
326,224.12,KB2UR,TSQL,131.8,131.8,023,NN,-,1.6,FM,5,"","NorthBabylon, NY - 36.2mi ESE of 11232","","",""
327,443.5,W2RGM,TSQL,110.9,110.9,023,NN,+,5.0,FM,5,"","DixHills, NY - 36.6mi E of 11232","","",""
328,53.85,W2RGM,TSQL,114.8,114.8,023,NN,-,1.0,FM,5,"","DixHills, NY - 36.6mi E of 11232","","",""
329,224.56,W2RGM,(None),88.5,88.5,023,NN,-,1.6,FM,5,"","DixHills, NY - 36.6mi E of 11232","","",""
330,448.475,W2RGM,TSQL,88.5,88.5,023,NN,-,5.0,FM,5,"","DixHills, NY - 36.6mi E of 11232","","",""
331,147.075,W2RGM,TSQL,100.0,100.0,023,NN,+,0.6,FM,5,"","DixHills, NY - 36.6mi E of 11232","","",""
332,145.17,N2ACF,TSQL,114.8,114.8,023,NN,-,0.6,FM,5,"","Pomona, NY - 36.7mi N of 11232","","",""
333,146.655,W1EE,TSQL,100.0,100.0,023,NN,-,0.6,FM,5,"","Stamford, CT - 36.8mi NE of 11232","","",""
334,223.42,"",(None),88.5,88.5,023,NN,"",0.0,FM,5,"","BelleMead, NJ - 36.8mi WSW of 11232","","",""
335,447.125,W1EE,TSQL,88.5,88.5,023,NN,-,5.0,FM,5,"","Stamford, CT - 36.8mi NE of 11232","","",""
336,223.86,W2GSB,TSQL,110.9,110.9,023,NN,-,1.6,FM,5,"","WestIslip, NY - 36.9mi ESE of 11232","","",""
337,440.85,W2GSB,TSQL,110.9,110.9,023,NN,+,5.0,FM,5,"","WestIslip, NY - 36.9mi ESE of 11232","","",""
338,927.3125,W2YMM,TSQL,88.5,88.5,023,NN,-,25.0,FM,5,"","WestIslip, NY - 36.9mi ESE of 11232","","",""
339,440.85,WR2M,TSQL,94.8,94.8,023,NN,+,5.0,FM,5,"","Jefferson, NJ - 37.0mi NW of 11232","","",""
340,145.11,N2FMC,TSQL,123.0,123.0,023,NN,-,0.6,FM,5,"","Chappaqua, NY - 37.0mi NNE of 11232","","",""
341,224.62,WA2EPI,TSQL,107.2,107.2,023,NN,-,1.6,FM,5,"","LakeHopatcong, NJ - 37.2mi WNW of 11232","","",""
342,447.875,W2LGB,TSQL,114.8,114.8,023,NN,-,5.0,FM,5,"","Nanuet, NY - 37.5mi N of 11232","","",""
343,441.6,NJ2MC,(None),88.5,88.5,023,NN,+,5.0,FM,5,"","LakeHopatcong, NJ - 37.7mi WNW of 11232","","",""
344,449.1875,W2LGB,TSQL,114.8,114.8,023,NN,-,5.0,FM,5,"","Thiells,RosmanCenter, NY - 37.7mi N of 11232","","",""
345,53.39,WR2M,(None),88.5,88.5,023,NN,-,1.0,FM,5,"","LakeHopatcong, NJ - 37.7mi WNW of 11232","","",""
346,145.18,NJ2MC,(None),88.5,88.5,023,NN,-,0.6,FM,5,"","LakeHopatcong, NJ - 37.7mi WNW of 11232","","",""
347,224.72,WB2SLJ,TSQL,141.3,141.3,023,NN,-,1.6,FM,5,"","MountArlington, NJ - 37.8mi WNW of 11232","","",""
348,443.2,W2LGB,TSQL,88.5,88.5,023,NN,+,5.0,FM,5,"","Thiells,RosmanCenter, NY - 38.3mi N of 11232","","",""
349,441.8,W2LGB,TSQL,82.5,82.5,023,NN,+,5.0,FM,5,"","Thiells,RosmanCenter, NY - 38.3mi N of 11232","","",""
350,441.5875,W2LGB,TSQL,114.8,114.8,023,NN,+,5.0,FM,5,"","Thiells,RosmanCenter, NY - 38.3mi N of 11232","","",""
351,442.1875,W2LGB,TSQL,114.8,114.8,023,NN,+,5.0,FM,5,"","Thiells,RosmanCenter, NY - 38.3mi N of 11232","","",""
352,449.325,N2BEI,(None),88.5,88.5,023,NN,-,5.0,FM,5,"","Hillsborough,SourlandMountain, NJ - 38.5mi WSW of 11232","","",""
353,146.985,K2GG,TSQL,131.8,131.8,023,NN,-,0.6,FM,5,"","Roxbury,MooneyMountainMeadows, NJ - 38.8mi WNW of 11232","","",""
354,145.67,K9GOD,(None),88.5,88.5,023,NN,"",0.0,FM,5,"","TuxedoPark, NY - 39.0mi NNW of 11232","","",""
355,448.1785,N2OZO,TSQL,141.3,141.3,023,NN,-,5.0035,FM,5,"","Hopatcong, NJ - 39.1mi WNW of 11232","","",""
356,223.86,WR2M,TSQL,136.5,136.5,023,NN,-,1.6,FM,5,"","BuddLake, NJ - 39.1mi WNW of 11232","","",""
357,448.925,N2VUG,TSQL,88.5,88.5,023,NN,-,5.0,FM,5,"","Hopatcong,LakeHopatcong, NJ - 39.1mi WNW of 11232","","",""
358,145.6,KC2QZE,(None),88.5,88.5,023,NN,"",0.0,FM,5,"","Sparta, NJ - 39.8mi NW of 11232","","",""
359,446.775,K2SRT,(None),88.5,88.5,023,NN,-,5.0,FM,5,"","HopatcongBorough, NJ - 39.8mi WNW of 11232","","",""
360,440.85,WR2M,(None),88.5,88.5,023,NN,+,5.0,FM,5,"","HopatcongBorough, NJ - 39.8mi WNW of 11232","","",""
361,448.175,N2OZO,TSQL,141.3,141.3,023,NN,-,5.0,FM,5,"","HopatcongBorough, NJ - 39.8mi WNW of 11232","","",""
362,146.955,W2RAP,TSQL,103.5,103.5,023,NN,-,0.6,FM,5,"","Lakewood, NJ - 40.1mi SSW of 11232","","",""
363,223.82,N2AYM,TSQL,162.2,162.2,023,NN,-,1.6,FM,5,"","Lakewood, NJ - 40.1mi SSW of 11232","","",""
364,449.38,NE2E,TSQL,123.0,123.0,023,NN,-,5.0,FM,5,"","Lakewood, NJ - 40.1mi SSW of 11232","","",""
365,442.4,KD2ARB,TSQL,123.0,123.0,023,NN,+,5.0,FM,5,"","BELLEMEADE, NJ - 40.3mi WSW of 11232","","",""
366,224.04,KB2EAR,TSQL,151.4,151.4,023,NN,-,1.6,FM,5,"","BelleMeade, NJ - 40.5mi WSW of 11232","","",""
367,927.3625,KB2EAR,TSQL,141.3,141.3,023,NN,-,25.0,FM,5,"","BelleMeade, NJ - 40.5mi WSW of 11232","","",""
368,448.675,WS2P,(None),88.5,88.5,023,NN,-,5.0,FM,5,"","BuddLake, NJ - 40.8mi WNW of 11232","","",""
369,440.8,K2DMR,TSQL,88.5,88.5,023,NN,+,5.0,FM,5,"","BuddLake, NJ - 40.8mi WNW of 11232","","",""
370,449.08,W2VER,TSQL,141.3,141.3,023,NN,-,5.0,FM,5,"","Hardyston, NJ - 41.2mi NW of 11232","","",""
371,51.72,W2VER,TSQL,136.5,136.5,023,NN,-,0.5,FM,5,"","Hardyston, NJ - 41.2mi NW of 11232","","",""
372,146.49,W2NJR,TSQL,141.3,141.3,023,NN,+,1.0,FM,5,"","Brick, NJ - 41.7mi S of 11232","","",""
373,146.49,K2RFI,TSQL,141.3,141.3,023,NN,+,1.0,FM,5,"","Bricktown, NJ - 41.8mi S of 11232","","",""
374,440.4,N2NOG,TSQL,141.3,141.3,023,NN,+,5.0,FM,5,"","GreenwoodLake, NY - 41.9mi NNW of 11232","","",""
375,147.345,K2IRG,TSQL,100.0,100.0,023,NN,+,0.6,FM,5,"","Islip, NY - 42.1mi ESE of 11232","","",""
376,443.6125,K2NYX,TSQL,88.5,88.5,023,NN,+,5.0,FM,5,"","Jackson, NJ - 43.1mi SSW of 11232","","",""
377,146.775,W1FSM,TSQL,100.0,100.0,023,NN,-,0.6,FM,5,"","NewCanaan, CT - 43.2mi NE of 11232","","",""
378,147.03,WB2ROL,TSQL,136.5,136.5,023,NN,+,0.6,FM,5,"","CentralIslip, NY - 43.2mi E of 11232","","",""
379,447.275,W1FSM,TSQL,123.0,123.0,023,NN,-,5.0,FM,5,"","NewCanaan, CT - 43.2mi NE of 11232","","",""
380,446.325,N2BEI,TSQL,151.4,151.4,023,NN,-,5.0,FM,5,"","Hamburg,HamburgMt, NJ - 43.6mi NW of 11232","","",""
381,145.43,W2LRC,TSQL,136.5,136.5,023,NN,-,0.6,FM,5,"","Hauppauge, NY - 43.7mi E of 11232","","",""
382,444.7,WR2UHF,TSQL,114.8,114.8,023,NN,+,5.0,FM,5,"","Hauppauge, NY - 43.7mi E of 11232","","",""
383,145.33,WA2LQO,TSQL,136.5,136.5,023,NN,-,0.6,FM,5,"","Hauppauge, NY - 43.7mi E of 11232","","",""
384,442.85,WB2ROL,TSQL,151.4,151.4,023,NN,+,5.0,FM,5,"","Hauppague, NY - 43.8mi E of 11232","","",""
385,442.85,N3KZ,TSQL,131.8,131.8,023,NN,+,5.0,FM,5,"","Princeton,WNJNCH52Tower, NJ - 44.0mi SW of 11232","","",""
386,441.6,W1NLK,(None),88.5,88.5,023,NN,+,5.0,FM,5,"","Norwalk, CT - 44.0mi NE of 11232","","",""
387,442.65,W2ZQ,TSQL,131.8,131.8,023,NN,+,5.0,FM,5,"","WestTrenton, NJ - 44.0mi SW of 11232","","",""
388,146.94,WA2TOW,TSQL,162.2,162.2,023,NN,-,0.6,FM,5,"","YorktownHeights, NY - 44.1mi NNE of 11232","","",""
389,446.5625,KB2LFH,TSQL,88.5,88.5,023,NN,-,5.0,FM,5,"","YorktownHeights,NewYork, NY - 44.2mi NNE of 11232","","",""
390,147.075,KX2D,TSQL,71.9,71.9,023,NN,+,0.6,FM,5,"","Robbinsville, NJ - 44.3mi SW of 11232","","",""
391,224.62,W2LRC,(None),88.5,88.5,023,NN,-,1.6,FM,5,"","Smithtown, NY - 44.4mi E of 11232","","",""
392,444.2375,WD2NY,(None),88.5,88.5,023,NN,+,5.0,FM,5,"","Hauppauge, NY - 44.6mi E of 11232","","",""
393,147.03,WD2NY,(None),88.5,88.5,023,NN,+,0.6,FM,5,"","Hauppauge, NY - 44.6mi E of 11232","","",""
394,448.075,W1NLK,TSQL,88.5,88.5,023,NN,-,5.0,FM,5,"","Norwalk, CT - 44.7mi NE of 11232","","",""
395,146.475,W1NLK,TSQL,100.0,100.0,023,NN,+,1.0,FM,5,"","Norwalk, CT - 44.7mi NE of 11232","","",""
396,449.075,W2VER,TSQL,141.3,141.3,023,NN,-,5.0,FM,5,"","Vernon, NJ - 44.9mi NNW of 11232","","",""
397,146.925,W2VER,TSQL,141.3,141.3,023,NN,-,0.6,FM,5,"","Vernon, NJ - 44.9mi NNW of 11232","","",""
398,448.075,WW2BSA,TSQL,141.3,141.3,023,NN,-,5.0,FM,5,"","Hackettstown, NJ - 45.1mi WNW of 11232","","",""
399,146.46,N2RE,TSQL,131.8,131.8,023,NN,+,1.0,FM,5,"","Lawrenceville, NJ - 45.3mi WSW of 11232","","",""
400,147.015,WB2IXR,TSQL,114.8,114.8,023,NN,+,0.6,FM,5,"","Yorktown, NY - 45.4mi NNE of 11232","","",""
401,147.105,W2MER,TSQL,123.0,123.0,023,NN,+,0.6,FM,5,"","Lawrenceville, NJ - 45.4mi WSW of 11232","","",""
402,53.17,W2AEE,TSQL,136.5,136.5,023,NN,-,1.0,FM,5,"","Harriman, NY - 45.6mi N of 11232","","",""
403,147.105,N2JTI,TSQL,114.8,114.8,023,NN,+,0.6,FM,5,"","Harriman,ArdenMt, NY - 45.6mi N of 11232","","",""
404,443.8,N2JTI,TSQL,88.5,88.5,023,NN,+,5.0,FM,5,"","Harriman, NY - 45.6mi N of 11232","","",""
405,223.8,W2AEE,TSQL,107.2,107.2,023,NN,-,1.6,FM,5,"","Harriman, NY - 45.6mi N of 11232","","",""
406,145.19,N2NOG,TSQL,141.3,141.3,023,NN,-,0.6,FM,5,"","Warwick, NY - 45.8mi NNW of 11232","","",""
407,224.0,K2PM,TSQL,151.4,151.4,023,NN,-,1.6,FM,5,"","Warrensville, NJ - 46.3mi SSW of 11232","","",""
408,448.225,N2ACF,TSQL,114.8,114.8,023,NN,-,5.0,FM,5,"","Warwick, NY - 46.3mi NNW of 11232","","",""
409,448.925,NY4Z,TSQL,88.5,88.5,023,NN,-,5.0,FM,5,"","JeffersonValley, NY - 46.9mi NNE of 11232","","",""
410,443.35,NJ2AR,TSQL,141.3,141.3,023,NN,+,5.0,FM,5,"","Lakehurst, NJ - 47.1mi SSW of 11232","","",""
411,927.325,NJ2AR,(None),88.5,88.5,023,NN,-,25.0,FM,5,"","Lakehurst, NJ - 47.1mi SSW of 11232","","",""
412,447.53,K2NI,TSQL,123.0,123.0,023,NN,-,5.0,FM,5,"","Ellisdale, NJ - 47.2mi SW of 11232","","",""
413,224.16,K2NI,TSQL,131.8,131.8,023,NN,-,1.6,FM,5,"","Ellisdale, NJ - 47.2mi SW of 11232","","",""
414,449.925,KB2CQE,TSQL,179.9,179.9,023,NN,-,5.0,FM,5,"","LakePeekskill, NY - 47.4mi N of 11232","","",""
415,146.67,W2NYW,TSQL,156.7,156.7,023,NN,-,0.6,FM,5,"","LakePeekskill, NY - 47.4mi N of 11232","","",""
416,444.85,W2CRA,TSQL,141.3,141.3,023,NN,+,5.0,FM,5,"","Cherryville, NJ - 47.4mi W of 11232","","",""
417,444.6,N2HBA,TSQL,136.5,136.5,023,NN,+,5.0,FM,5,"","Bohemia, NY - 47.4mi ESE of 11232","","",""
418,445.775,WA2JWR,TSQL,88.5,88.5,023,NN,-,5.0,FM,5,"","TomsRiver, NJ - 47.4mi SSW of 11232","","",""
419,145.17,WA2RES,TSQL,131.8,131.8,023,NN,-,0.6,FM,5,"","Manchester,ManchesterWaterTank, NJ - 47.5mi SSW of 11232","","",""
420,147.375,WB2NQV,TSQL,151.4,151.4,023,NN,+,0.6,FM,5,"","Cherryville, NJ - 47.5mi W of 11232","","",""
421,448.725,N2CBH,TSQL,107.2,107.2,023,NN,-,5.0,FM,5,"","PutnamValley, NY - 47.5mi N of 11232","","",""
422,440.75,W1SP,TSQL,88.5,88.5,023,NN,+,5.0,FM,5,"","Wilton, CT - 47.7mi NE of 11232","","",""
423,147.3,W2LV,TSQL,151.4,151.4,023,NN,+,0.6,FM,5,"","Newton, NJ - 47.8mi NW of 11232","","",""
424,147.21,W2LV,TSQL,151.4,151.4,023,NN,+,0.6,FM,5,"","Newton, NJ - 47.8mi NW of 11232","","",""
425,224.5,W2LV,TSQL,141.3,141.3,023,NN,-,1.6,FM,5,"","Newton,KittatinyMountain, NJ - 47.8mi NW of 11232","","",""
426,443.0,W2LV,TSQL,103.5,103.5,023,NN,+,5.0,FM,5,"","Newton, NJ - 47.8mi NW of 11232","","",""
427,147.33,W2LV,TSQL,151.4,151.4,023,NN,+,0.6,FM,5,"","Newton, NJ - 47.8mi NW of 11232","","",""
428,145.67,KB2IZA,(None),88.5,88.5,023,NN,"",0.0,FM,5,"","Newton, NJ - 47.8mi NW of 11232","","",""
429,147.015,WB2NQV,TSQL,151.4,151.4,023,NN,+,0.6,FM,5,"","GlenGardner,MtKipp, NJ - 48.1mi W of 11232","","",""
430,446.475,W2CRA,TSQL,141.3,141.3,023,NN,-,5.0,FM,5,"","GlenGardner,MtKipp, NJ - 48.1mi W of 11232","","",""
431,224.12,K2PM,TSQL,88.5,88.5,023,NN,-,1.6,FM,5,"","GlenGardner,MtKipp, NJ - 48.1mi W of 11232","","",""
432,145.7,KD2DZE,(None),88.5,88.5,023,NN,"",0.0,FM,5,"","Newton,SCCC, NJ - 48.4mi NW of 11232","","",""
433,146.655,WA2JWR,(None),88.5,88.5,023,NN,-,0.6,FM,5,"","TomsRiver, NJ - 49.5mi SSW of 11232","","",""
434,223.92,W2DOR,(None),88.5,88.5,023,NN,-,1.6,FM,5,"","TomsRiver, NJ - 49.5mi SSW of 11232","","",""
435,448.625,NJ2AR,TSQL,141.3,141.3,023,NN,-,5.0,FM,5,"","TomsRiver, NJ - 49.5mi SSW of 11232","","",""
436,146.91,W2DOR,TSQL,127.3,127.3,023,NN,-,0.6,FM,5,"","TomsRiver,TheBennettBubble, NJ - 49.6mi SSW of 11232","","",""
437,147.045,K2YBW,TSQL,136.5,136.5,023,NN,+,0.6,FM,5,"","Setauket, NY - 50.3mi E of 11232","","",""
438,146.94,K2TKE,TSQL,136.5,136.5,023,NN,-,0.6,FM,5,"","Setauket, NY - 50.3mi E of 11232","","",""
439,449.625,N2OKB,TSQL,136.5,136.5,023,NN,-,5.0,FM,5,"","SouthBloomingGrove, NY - 50.3mi N of 11232","","",""
440,224.32,NJ2EM,TSQL,67.0,67.0,023,NN,-,1.6,FM,5,"","WestTrenton, NJ - 50.5mi WSW of 11232","","",""
441,146.67,W2ZQ,TSQL,131.8,131.8,023,NN,-,0.6,FM,5,"","WestTrenton, NJ - 50.5mi WSW of 11232","","",""
442,441.5,N2MDX,(None),88.5,88.5,023,NN,"",0.0,FM,5,"","Beachwood, NJ - 50.5mi S of 11232","","",""
443,145.47,KR1COM,TSQL,100.0,100.0,023,NN,-,0.6,FM,5,"","Ridgefield, CT - 50.7mi NNE of 11232","","",""
444,449.025,K2JZO,TSQL,203.5,203.5,023,NN,-,5.0,FM,5,"","Bordentown, NJ - 51.1mi SW of 11232","","",""
445,444.9875,WB0YLE,TSQL,88.5,88.5,023,NN,+,5.0,FM,5,"","Morrisvlle, PA - 51.2mi SW of 11232","","",""
446,145.25,WB0YLE,TSQL,103.5,103.5,023,NN,-,0.6,FM,5,"","Morrisville, PA - 51.2mi SW of 11232","","",""
447,224.54,WB0YLE,TSQL,141.3,141.3,023,NN,-,1.6,FM,5,"","Morrisville, PA - 51.2mi SW of 11232","","",""
448,146.625,WB1CQO,TSQL,100.0,100.0,023,NN,-,0.6,FM,5,"","Fairfield, CT - 51.3mi NE of 11232","","",""
449,443.85,W2SJT,TSQL,110.9,110.9,023,NN,+,5.0,FM,5,"","Washington, NJ - 51.4mi W of 11232","","",""
450,29.66,K2HR,TSQL,94.8,94.8,023,NN,-,0.1,FM,5,"","Mahopac, NY - 51.5mi NNE of 11232","","",""
451,224.0,K2HR,TSQL,79.7,79.7,023,NN,-,1.6,FM,5,"","Mahopac, NY - 51.5mi NNE of 11232","","",""
452,224.7,NY4Z,TSQL,79.7,79.7,023,NN,-,1.6,FM,5,"","Mahopac, NY - 51.5mi NNE of 11232","","",""
453,145.39,NY4Z,TSQL,88.5,88.5,023,NN,-,0.6,FM,5,"","Mahopac, NY - 51.5mi NNE of 11232","","",""
454,146.94,WB2MOT,TSQL,136.5,136.5,023,NN,-,0.6,FM,5,"","Holtsville, NY - 51.6mi E of 11232","","",""
455,442.05,AG2I,TSQL,114.8,114.8,023,NN,+,5.0,FM,5,"","Holtsville, NY - 51.6mi E of 11232","","",""
456,449.175,W2SBL,TSQL,114.8,114.8,023,NN,-,5.0,FM,5,"","Holtsville, NY - 51.6mi E of 11232","","",""
457,145.25,WB2BQW,TSQL,100.0,100.0,023,NN,-,0.6,FM,5,"","Farmingville, NY - 52.6mi E of 11232","","",""
458,145.31,K2SPD,TSQL,118.8,118.8,023,NN,-,0.6,FM,5,"","Farmingville, NY - 52.6mi E of 11232","","",""
459,146.715,WA2UMD,TSQL,136.5,136.5,023,NN,-,0.6,FM,5,"","Farmingville, NY - 52.6mi E of 11232","","",""
460,147.375,W2KPQ,TSQL,136.5,136.5,023,NN,+,0.6,FM,5,"","Selden, NY - 52.6mi E of 11232","","",""
461,224.86,WA2LIR,TSQL,107.2,107.2,023,NN,-,1.6,FM,5,"","Farmingville, NY - 52.6mi E of 11232","","",""
462,446.325,WA2DCI,TSQL,127.3,127.3,023,NN,-,5.0,FM,5,"","Farmingville,TelescopeHill, NY - 52.6mi E of 11232","","",""
463,446.5125,K2SPD,TSQL,118.8,118.8,023,NN,-,5.0,FM,5,"","Farmingville, NY - 52.6mi E of 11232","","",""
464,445.725,K2LI,TSQL,91.5,91.5,023,NN,-,5.0,FM,5,"","Farmingville, NY - 52.6mi E of 11232","","",""
465,927.65,WB0YLE,TSQL,141.3,141.3,023,NN,-,25.0,FM,5,"","Morrisville, PA - 52.8mi SW of 11232","","",""
466,448.825,WA2VNV,TSQL,88.5,88.5,023,NN,-,5.0,FM,5,"","Selden, NY - 52.9mi E of 11232","","",""
467,146.76,WA2VNV,TSQL,136.5,136.5,023,NN,-,0.6,FM,5,"","Selden, NY - 52.9mi E of 11232","","",""
468,145.15,W2RC,TSQL,136.5,136.5,023,NN,-,0.6,FM,5,"","PortJefferson,St.CharlesHospital, NY - 53.0mi E of 11232","","",""
469,449.525,W2RC,TSQL,114.8,114.8,023,NN,-,5.0,FM,5,"","PortJefferson, NY - 53.0mi E of 11232","","",""
470,53.03,W3BXW,TSQL,131.8,131.8,023,NN,-,1.0,FM,5,"","FairlessHills, PA - 55.4mi SW of 11232","","",""
471,447.125,W3BXW,TSQL,88.5,88.5,023,NN,-,5.0,FM,5,"","FairlessHills, PA - 55.4mi SW of 11232","","",""
472,146.445,WA1RJI,TSQL,77.0,77.0,023,NN,+,1.0,FM,5,"","Bridgeport, CT - 55.8mi NE of 11232","","",""
473,447.775,W1QI,TSQL,100.0,100.0,023,NN,-,5.0,FM,5,"","Danbury,SpruceMountain, CT - 55.9mi NNE of 11232","","",""
474,147.3,W1QI,TSQL,100.0,100.0,023,NN,+,0.6,FM,5,"","Danbury,SpruceMountain, CT - 55.9mi NNE of 11232","","",""
475,223.96,W1QI,TSQL,91.5,91.5,023,NN,-,1.6,FM,5,"","Danbury,SpruceMountain, CT - 55.9mi NNE of 11232","","",""
476,441.5,N1LXV,TSQL,77.0,77.0,023,NN,+,5.0,FM,5,"","Fairfield, CT - 56.0mi NE of 11232","","",""
477,449.675,K2JZO,TSQL,141.3,141.3,023,NN,-,5.0,FM,5,"","BrownsMills, NJ - 56.1mi SSW of 11232","","",""
478,440.7625,N1TGE,TSQL,88.5,88.5,023,NN,+,5.0,FM,5,"","Bridgeport, CT - 56.1mi NE of 11232","","",""
479,442.2,AG2K,TSQL,88.5,88.5,023,NN,+,5.0,FM,5,"","Bridgeport, CT - 56.1mi NE of 11232","","",""
480,224.86,K2JZO,TSQL,131.8,131.8,023,NN,-,1.6,FM,5,"","BrownsMills, NJ - 56.1mi SSW of 11232","","",""
481,441.7,N1KGN,TSQL,77.0,77.0,023,NN,+,5.0,FM,5,"","Bridgeport,BridgeportHospital, CT - 57.3mi NE of 11232","","",""
482,147.03,KA1KD,TSQL,100.0,100.0,023,NN,+,0.6,FM,5,"","Bethel, CT - 58.3mi NNE of 11232","","",""
483,145.33,AA2HA,TSQL,141.3,141.3,023,NN,-,0.6,FM,5,"","DingmansFerry, PA - 59.6mi NW of 11232","","",""
484,441.35,N2KMB,TSQL,192.8,192.8,023,NN,+,5.0,FM,5,"","Montague,	HomeQTH, NJ - 59.9mi NW of 11232","","",""
485,448.325,KC2QVT,TSQL,127.3,127.3,023,NN,-,5.0,FM,5,"","Westampton, NJ - 61.4mi SW of 11232","","",""
486,147.15,KC2QVT,TSQL,127.3,127.3,023,NN,+,0.6,FM,5,"","Westampton, NJ - 61.4mi SW of 11232","","",""
487,444.2,W3BXW,TSQL,131.8,131.8,023,NN,+,5.0,FM,5,"","Bensalem, PA - 62.6mi SW of 11232","","",""
488,146.925,WB2YGO,TSQL,131.8,131.8,023,NN,-,0.6,FM,5,"","Willingboro, NJ - 62.8mi SW of 11232","","",""
489,442.05,WB2YGO,TSQL,118.8,118.8,023,NN,+,5.0,FM,5,"","Willingboro, NJ - 62.8mi SW of 11232","","",""
490,223.88,WB2YGO,TSQL,131.8,131.8,023,NN,-,1.6,FM,5,"","Willingboro, NJ - 62.8mi SW of 11232","","",""
491,53.27,KA1OYS,TSQL,77.0,77.0,023,NN,-,1.0,FM,5,"","Milford, CT - 63.2mi NE of 11232","","",""
492,147.225,KA1FAI,TSQL,77.0,77.0,023,NN,+,0.6,FM,5,"","Milford, CT - 63.2mi NE of 11232","","",""
493,443.55,N1LUF,TSQL,77.0,77.0,023,NN,+,5.0,FM,5,"","Milford, CT - 63.3mi NE of 11232","","",""
494,223.8,N3SP,TSQL,131.8,131.8,023,NN,-,1.6,FM,5,"","Feasterville, PA - 63.3mi WSW of 11232","","",""
495,146.925,KB1CBD,TSQL,67.0,67.0,023,NN,-,0.6,FM,5,"","Milford,EelsHill, CT - 65.1mi NE of 11232","","",""
496,146.985,W1VAR,TSQL,141.3,141.3,023,NN,-,0.6,FM,5,"","Shelton,WhiteHillsRec.Center, CT - 66.0mi NE of 11232","","",""
497,445.33125,KC2QVT,(None),88.5,88.5,023,NN,-,5.0,FM,5,"","MountLaurel,BCC, NJ - 67.8mi SW of 11232","","",""
498,444.35,K1EIR,TSQL,88.5,88.5,023,NN,+,5.0,FM,5,"","Ansonia, CT - 67.9mi NE of 11232","","",""
499,444.85,AC1KV,TSQL,100.0,100.0,023,NN,+,5.0,FM,5,"","Ansonia, CT - 68.0mi NE of 11232","","",""
500,223.92,KC2QVT,TSQL,127.3,127.3,023,NN,-,1.6,FM,5,"","Mt.Laurel, NJ - 68.2mi SW of 11232","","",""
501,445.625,K2CPD,TSQL,127.3,127.3,023,NN,-,5.0,FM,5,"","Cinnaminson, NJ - 69.0mi SW of 11232","","",""
